age,income,employment_length,loan_amount,loan_term,credit_score,existing_loans,debt_to_income,marital_status,education,property_area,default
59,77761,18,38209,60,791,2,0.17,Married,Postgraduate,Urban,0
49,141178,19,27424,12,436,1,0.47,Single,Postgraduate,Urban,0
35,56368,5,42396,12,666,2,0.42,Married,Postgraduate,Semiurban,0
28,26783,9,11370,60,483,1,0.79,Married,Postgraduate,Urban,1
41,131530,3,14528,12,887,2,0.3,Single,Postgraduate,Rural,0
59,61914,10,33276,48,586,3,0.87,Married,Graduate,Rural,0
39,90507,19,49333,60,771,4,0.87,Married,Undergraduate,Rural,1
43,147738,3,13179,12,674,2,0.3,Single,Graduate,Semiurban,0
31,99026,15,21843,24,836,2,0.38,Single,Undergraduate,Urban,0
31,135893,1,28952,60,810,3,0.82,Married,Undergraduate,Semiurban,0
44,131255,7,38160,60,878,2,0.87,Single,Undergraduate,Urban,0
56,130616,12,49898,48,549,0,0.45,Married,Undergraduate,Semiurban,0
44,87526,17,34516,36,809,3,0.36,Single,Undergraduate,Semiurban,0
23,90835,5,15449,36,372,0,0.52,Married,Postgraduate,Urban,0
42,65765,4,26125,48,581,3,0.65,Married,Graduate,Semiurban,0
22,39956,12,12418,48,659,2,0.32,Married,Graduate,Urban,0
44,107895,18,27746,48,309,0,0.69,Single,Postgraduate,Rural,1
50,66240,17,7454,36,510,2,0.14,Married,Undergraduate,Rural,0
58,141008,19,22761,48,451,3,0.14,Single,Graduate,Rural,0
22,57148,9,20223,12,304,2,0.41,Married,Postgraduate,Semiurban,0
41,114270,4,11701,60,494,0,0.38,Married,Postgraduate,Rural,0
53,147978,2,7597,60,582,0,0.35,Married,Graduate,Urban,0
32,24757,4,5141,24,763,2,0.49,Married,Graduate,Rural,0
42,39097,2,7659,24,412,1,0.36,Married,Undergraduate,Rural,1
45,30395,15,25980,60,570,3,0.25,Single,Undergraduate,Semiurban,0
47,36241,2,14031,12,462,3,0.35,Single,Graduate,Urban,1
48,123892,4,20037,36,759,2,0.88,Single,Undergraduate,Semiurban,0
36,47696,6,43429,36,404,1,0.43,Married,Postgraduate,Semiurban,1
35,135654,7,11142,12,855,0,0.46,Married,Undergraduate,Urban,0
23,90480,10,17109,36,581,4,0.56,Single,Undergraduate,Semiurban,0
57,66163,19,27010,48,461,4,0.89,Married,Postgraduate,Urban,1
27,39816,19,13787,60,650,2,0.29,Married,Undergraduate,Rural,0
41,69840,12,47864,60,733,1,0.65,Married,Postgraduate,Urban,1
29,122547,3,13472,12,439,1,0.67,Single,Undergraduate,Urban,1
59,72853,13,28383,36,770,3,0.59,Single,Graduate,Urban,0
38,44917,18,9249,24,431,0,0.17,Single,Undergraduate,Semiurban,0
24,116731,8,39518,24,386,1,0.64,Single,Graduate,Urban,1
45,41566,15,23351,36,482,4,0.15,Single,Graduate,Urban,0
34,95452,1,9088,24,667,0,0.58,Married,Graduate,Urban,0
29,82823,3,20282,12,428,0,0.69,Married,Graduate,Rural,1
46,141392,8,24330,12,545,2,0.27,Married,Graduate,Urban,0
22,40806,4,47409,36,877,1,0.77,Married,Postgraduate,Semiurban,1
40,95520,16,26778,24,677,2,0.12,Single,Postgraduate,Urban,0
48,21759,10,29264,12,448,1,0.78,Single,Postgraduate,Urban,1
27,146092,12,10075,12,732,3,0.47,Married,Graduate,Rural,0
28,61949,14,15412,48,768,2,0.27,Single,Undergraduate,Urban,0
55,112374,14,33365,48,745,2,0.21,Married,Postgraduate,Semiurban,0
34,22482,2,12230,12,780,4,0.86,Married,Undergraduate,Urban,1
37,44442,5,16002,36,593,2,0.16,Married,Undergraduate,Semiurban,0
56,53719,5,18947,60,442,1,0.26,Married,Graduate,Rural,0
24,78066,6,18686,60,549,4,0.38,Single,Graduate,Urban,0
22,113501,13,34304,12,601,2,0.6,Married,Graduate,Rural,0
26,22079,9,18074,12,324,2,0.54,Single,Postgraduate,Urban,1
24,22717,15,9493,12,369,3,0.2,Married,Graduate,Semiurban,1
49,79676,14,39228,36,411,2,0.33,Married,Postgraduate,Rural,0
38,47952,7,19140,48,663,0,0.29,Married,Postgraduate,Urban,0
46,106444,2,36655,12,602,4,0.27,Married,Postgraduate,Semiurban,0
54,62460,7,48472,12,770,0,0.43,Single,Postgraduate,Rural,0
30,110397,6,11816,24,390,4,0.66,Married,Graduate,Urban,1
56,92847,17,16639,36,829,3,0.27,Single,Postgraduate,Rural,0
34,113607,2,34492,12,491,2,0.39,Married,Graduate,Urban,0
51,109106,3,16240,24,851,2,0.41,Married,Graduate,Semiurban,0
35,38449,5,37698,60,541,2,0.88,Married,Postgraduate,Semiurban,1
28,53536,5,31957,12,437,4,0.86,Single,Graduate,Rural,1
34,84077,1,37808,12,644,2,0.74,Married,Undergraduate,Rural,0
43,58258,8,10827,24,479,0,0.29,Married,Graduate,Urban,0
41,68302,12,37762,36,802,2,0.15,Married,Graduate,Semiurban,0
36,145937,4,13259,12,502,3,0.35,Married,Postgraduate,Urban,0
38,48865,13,19849,60,872,0,0.31,Married,Postgraduate,Semiurban,0
44,26645,15,21232,12,491,2,0.5,Single,Graduate,Rural,1
46,139771,11,45572,60,304,2,0.72,Single,Postgraduate,Urban,1
45,58000,10,29173,48,536,1,0.79,Married,Undergraduate,Urban,0
49,46737,3,10374,48,610,4,0.78,Married,Undergraduate,Semiurban,0
35,31485,14,26174,60,848,0,0.39,Single,Postgraduate,Semiurban,0
21,58565,16,28567,36,355,1,0.65,Married,Graduate,Semiurban,1
45,45522,10,40292,12,742,3,0.35,Single,Undergraduate,Rural,0
27,139614,10,14277,12,536,4,0.15,Married,Undergraduate,Urban,0
29,85155,12,36600,48,496,0,0.66,Married,Graduate,Semiurban,1
44,75168,9,14885,60,884,2,0.11,Single,Postgraduate,Rural,0
21,72487,1,5778,12,870,0,0.43,Married,Undergraduate,Semiurban,0
28,149948,5,34165,12,813,2,0.36,Single,Graduate,Urban,0
44,32342,8,6492,36,748,4,0.65,Single,Graduate,Semiurban,1
31,60806,11,35462,24,659,2,0.71,Single,Undergraduate,Urban,0
37,68770,12,18615,48,329,3,0.34,Married,Postgraduate,Rural,0
28,98623,1,49900,48,407,2,0.75,Single,Undergraduate,Rural,1
55,123177,11,47946,24,744,3,0.34,Single,Graduate,Semiurban,0
55,119785,5,12851,12,737,4,0.46,Married,Undergraduate,Urban,0
53,95629,15,21288,36,756,4,0.68,Married,Postgraduate,Urban,0
25,140993,5,12156,36,794,0,0.65,Married,Graduate,Urban,0
59,72603,12,7044,48,546,3,0.89,Married,Postgraduate,Semiurban,0
48,146944,5,12368,36,842,3,0.28,Married,Undergraduate,Urban,0
27,132726,17,24900,24,863,1,0.63,Married,Undergraduate,Urban,0
29,101974,17,35600,12,887,1,0.59,Single,Postgraduate,Urban,0
28,125947,12,30634,24,738,1,0.83,Married,Undergraduate,Urban,0
32,46399,15,14168,60,577,2,0.23,Single,Postgraduate,Semiurban,0
54,148177,15,25961,48,851,1,0.7,Married,Undergraduate,Semiurban,0
53,105382,6,49096,36,410,3,0.55,Single,Postgraduate,Urban,1
43,101244,12,28852,60,684,2,0.32,Single,Postgraduate,Urban,0
44,129575,18,38110,36,490,4,0.48,Married,Graduate,Rural,0
57,135520,14,37174,12,789,0,0.37,Married,Graduate,Rural,0
55,130904,2,39215,12,725,1,0.56,Single,Postgraduate,Urban,0
42,96534,9,31955,12,704,4,0.81,Married,Undergraduate,Urban,0
47,75106,5,11581,36,634,3,0.56,Married,Undergraduate,Rural,0
55,132599,1,49619,60,508,0,0.61,Single,Undergraduate,Rural,1
21,50678,3,11317,12,321,4,0.51,Single,Postgraduate,Urban,0
55,96218,6,47856,60,507,0,0.14,Single,Postgraduate,Semiurban,0
57,83230,5,31649,36,307,1,0.29,Married,Postgraduate,Semiurban,0
34,134684,5,28132,60,828,3,0.49,Married,Postgraduate,Urban,0
23,94055,1,21789,36,465,0,0.35,Married,Graduate,Urban,0
21,76373,17,19567,36,795,4,0.25,Married,Postgraduate,Rural,0
25,51480,19,19868,48,889,1,0.5,Single,Undergraduate,Rural,0
46,105230,14,29370,36,728,1,0.36,Married,Graduate,Semiurban,0
34,88836,12,47533,36,462,4,0.31,Single,Undergraduate,Urban,1
59,92258,10,35483,24,665,4,0.47,Married,Postgraduate,Rural,0
47,59986,18,17466,12,825,0,0.21,Married,Graduate,Semiurban,0
29,44160,11,33803,48,538,2,0.84,Single,Postgraduate,Semiurban,0
35,105595,2,23230,48,371,1,0.79,Married,Graduate,Semiurban,1
35,121358,18,22862,48,744,0,0.67,Married,Undergraduate,Rural,0
46,99111,7,48355,24,808,4,0.18,Single,Postgraduate,Rural,0
33,84929,15,36259,36,568,0,0.72,Married,Postgraduate,Urban,0
52,93506,11,38539,12,714,4,0.75,Single,Graduate,Urban,0
59,54911,18,26909,60,544,3,0.71,Single,Graduate,Semiurban,0
52,107127,12,35795,36,359,4,0.19,Single,Postgraduate,Semiurban,0
24,51821,6,13770,24,305,4,0.62,Single,Graduate,Rural,1
50,95039,13,16093,36,869,4,0.77,Married,Postgraduate,Rural,0
57,80535,16,5193,36,706,2,0.56,Married,Graduate,Urban,0
43,133453,18,39775,24,516,4,0.62,Married,Undergraduate,Urban,0
59,104458,10,22569,48,325,1,0.47,Single,Graduate,Urban,0
35,32175,8,16190,48,304,1,0.52,Married,Undergraduate,Rural,1
49,139235,18,47752,12,831,0,0.13,Married,Graduate,Semiurban,0
56,74771,1,37327,12,689,2,0.61,Married,Graduate,Urban,0
33,126660,8,47070,48,870,0,0.17,Married,Postgraduate,Urban,0
52,147157,6,25389,60,747,1,0.45,Single,Graduate,Rural,0
27,141300,5,45197,36,445,1,0.33,Single,Graduate,Urban,1
42,106925,15,7261,60,687,3,0.54,Married,Undergraduate,Semiurban,0
48,133374,15,33369,36,548,4,0.21,Single,Graduate,Rural,0
22,86358,2,31512,48,825,1,0.65,Married,Postgraduate,Urban,0
26,37327,1,11716,12,761,0,0.74,Married,Undergraduate,Urban,1
48,67057,11,26259,12,312,0,0.23,Married,Postgraduate,Rural,0
48,26150,10,33933,60,683,4,0.18,Single,Postgraduate,Rural,0
40,24425,18,46689,12,855,4,0.22,Married,Postgraduate,Urban,1
50,143654,18,9378,48,698,3,0.8,Single,Postgraduate,Semiurban,0
31,36032,17,45583,60,318,2,0.52,Single,Undergraduate,Rural,1
48,22198,8,24835,36,874,0,0.47,Married,Graduate,Semiurban,0
45,80500,15,34033,12,790,4,0.19,Single,Postgraduate,Urban,0
59,73394,8,29000,24,718,0,0.62,Single,Undergraduate,Semiurban,0
53,40079,17,15332,12,636,4,0.79,Married,Postgraduate,Urban,0
21,56220,12,47604,36,718,1,0.76,Single,Graduate,Urban,1
47,61874,8,7800,60,421,0,0.6,Single,Undergraduate,Urban,0
33,33859,14,34538,36,731,1,0.16,Married,Undergraduate,Urban,0
23,70460,4,35119,24,343,0,0.19,Married,Graduate,Semiurban,0
59,51419,1,13333,48,616,2,0.14,Single,Undergraduate,Urban,0
26,138865,1,10410,12,680,3,0.31,Married,Graduate,Urban,0
28,28705,19,22839,60,444,1,0.21,Married,Undergraduate,Semiurban,1
47,62880,16,35519,48,626,4,0.31,Single,Undergraduate,Rural,0
29,149838,14,10808,36,662,2,0.41,Single,Graduate,Semiurban,0
57,43236,16,11796,60,349,0,0.85,Married,Graduate,Semiurban,1
53,107955,5,26180,48,364,1,0.59,Single,Undergraduate,Semiurban,0
44,105514,9,48056,60,654,0,0.77,Married,Undergraduate,Urban,1
35,123145,2,22709,24,463,0,0.67,Married,Graduate,Urban,1
52,35358,18,22543,24,440,0,0.19,Single,Graduate,Urban,1
52,119713,6,42418,12,427,3,0.69,Single,Undergraduate,Rural,1
44,114914,9,34075,12,697,3,0.32,Married,Undergraduate,Urban,0
32,122870,1,42755,24,762,4,0.61,Married,Undergraduate,Rural,1
59,96918,9,42465,60,486,1,0.37,Married,Graduate,Urban,1
22,139179,16,35502,24,489,2,0.9,Married,Undergraduate,Semiurban,1
23,136243,13,21724,12,687,2,0.31,Single,Postgraduate,Urban,0
57,34596,9,8828,24,728,2,0.32,Married,Graduate,Rural,0
37,53572,13,22087,24,583,0,0.84,Single,Undergraduate,Rural,0
22,98757,9,17605,60,536,3,0.12,Single,Graduate,Urban,0
22,21279,11,36337,48,493,1,0.66,Married,Postgraduate,Semiurban,1
48,83197,4,10482,12,586,0,0.68,Single,Graduate,Urban,0
43,131496,2,32005,60,435,3,0.77,Single,Undergraduate,Urban,1
57,82516,6,27760,24,470,3,0.88,Married,Postgraduate,Urban,1
52,27083,14,10463,24,458,1,0.88,Single,Postgraduate,Semiurban,1
53,140674,4,9912,48,500,1,0.15,Single,Undergraduate,Rural,0
21,140307,6,9648,12,786,1,0.76,Married,Undergraduate,Semiurban,0
39,146457,19,38623,12,856,0,0.62,Married,Undergraduate,Rural,0
22,129397,6,40634,36,882,4,0.62,Married,Graduate,Rural,1
46,37771,2,49602,12,803,1,0.2,Married,Graduate,Rural,1
52,49975,18,8112,48,670,4,0.62,Married,Graduate,Semiurban,0
26,65648,13,27054,36,402,0,0.89,Married,Undergraduate,Urban,1
52,145641,9,9492,36,424,4,0.83,Married,Undergraduate,Urban,1
24,68285,19,27207,24,612,2,0.45,Single,Graduate,Urban,0
31,39063,13,20114,24,757,4,0.13,Single,Postgraduate,Urban,0
37,87642,11,39285,12,529,1,0.39,Married,Graduate,Urban,0
58,110093,1,21018,36,496,0,0.76,Single,Postgraduate,Semiurban,1
44,134390,7,26386,24,722,1,0.66,Single,Undergraduate,Semiurban,0
25,106143,15,22740,48,871,2,0.47,Married,Undergraduate,Semiurban,0
54,57599,1,49199,24,470,1,0.14,Single,Graduate,Semiurban,1
26,71920,12,13210,24,681,1,0.44,Married,Graduate,Semiurban,0
42,48529,7,49363,36,472,1,0.48,Single,Undergraduate,Semiurban,1
31,55954,15,17743,36,752,3,0.84,Married,Graduate,Semiurban,0
36,47856,19,47092,60,649,2,0.61,Single,Undergraduate,Urban,1
53,22573,1,49299,48,793,1,0.35,Single,Undergraduate,Rural,1
29,98344,17,11588,36,303,1,0.52,Single,Postgraduate,Semiurban,0
26,55367,17,8311,12,392,1,0.15,Married,Graduate,Rural,0
36,122337,3,27432,48,305,0,0.88,Single,Undergraduate,Semiurban,1
49,126732,12,38755,48,587,3,0.39,Single,Graduate,Semiurban,0
23,119608,6,8321,36,445,0,0.48,Married,Postgraduate,Urban,0
40,80774,11,20812,48,723,3,0.38,Married,Postgraduate,Rural,0
56,43752,3,42383,36,756,1,0.65,Single,Graduate,Urban,1
39,75029,8,18146,24,501,2,0.63,Single,Graduate,Urban,0
46,37685,14,18654,60,511,4,0.67,Single,Undergraduate,Rural,1
23,71693,14,40820,24,305,4,0.31,Single,Postgraduate,Urban,1
39,136739,10,5726,36,675,1,0.35,Married,Postgraduate,Semiurban,0
40,75961,2,8760,36,746,0,0.2,Single,Postgraduate,Semiurban,0
52,126937,14,27190,24,405,2,0.62,Single,Graduate,Semiurban,1
27,144956,9,6875,12,700,3,0.13,Married,Undergraduate,Semiurban,0
53,96908,3,28377,12,395,1,0.58,Single,Graduate,Semiurban,0
59,145537,8,9033,12,687,2,0.8,Single,Graduate,Urban,0
38,146678,16,43211,36,751,2,0.81,Single,Graduate,Urban,1
21,94532,2,22373,48,715,3,0.46,Married,Undergraduate,Semiurban,0
31,101994,6,8744,36,803,2,0.47,Married,Graduate,Semiurban,0
48,76133,12,29995,48,753,0,0.16,Single,Postgraduate,Urban,0
45,117425,5,21977,24,590,0,0.64,Single,Postgraduate,Rural,0
43,145055,2,37402,60,833,0,0.76,Married,Postgraduate,Urban,0
51,81268,16,39542,48,492,2,0.3,Single,Undergraduate,Urban,0
50,112201,5,15651,12,449,0,0.44,Single,Graduate,Urban,0
55,58243,15,38703,36,814,3,0.77,Married,Undergraduate,Urban,0
27,77384,12,18395,24,692,2,0.8,Married,Graduate,Urban,0
36,51653,4,34808,12,615,4,0.29,Married,Postgraduate,Rural,0
46,46657,15,41576,24,375,2,0.54,Single,Graduate,Semiurban,1
22,59952,11,21715,60,898,3,0.25,Single,Graduate,Semiurban,0
21,42180,16,49409,36,569,4,0.18,Single,Graduate,Rural,0
32,117432,6,29306,36,524,2,0.83,Single,Undergraduate,Semiurban,0
25,141829,14,24086,60,829,0,0.76,Married,Graduate,Semiurban,0
57,148377,18,19376,36,412,1,0.71,Single,Graduate,Semiurban,1
52,98411,12,10889,48,550,1,0.14,Single,Graduate,Rural,0
29,21622,11,42822,24,532,0,0.77,Married,Undergraduate,Rural,1
55,68756,13,41636,12,382,1,0.45,Married,Undergraduate,Semiurban,1
39,60809,11,25584,60,424,1,0.37,Single,Undergraduate,Semiurban,0
36,36725,16,39610,48,474,0,0.54,Married,Graduate,Semiurban,1
23,81396,15,15058,12,368,0,0.17,Married,Postgraduate,Urban,0
40,71226,15,14101,12,346,2,0.71,Single,Postgraduate,Urban,1
44,126296,4,17497,60,555,2,0.57,Single,Postgraduate,Urban,0
53,101182,11,9658,48,329,0,0.25,Single,Graduate,Rural,0
44,102565,19,16381,12,580,3,0.25,Single,Postgraduate,Semiurban,0
31,49402,15,45312,12,536,1,0.25,Married,Postgraduate,Rural,0
28,24263,4,45486,48,547,2,0.15,Married,Postgraduate,Rural,1
56,143489,13,22154,36,667,1,0.57,Single,Graduate,Rural,0
58,116523,19,24539,12,794,4,0.77,Single,Postgraduate,Semiurban,0
40,66828,2,16777,24,324,0,0.11,Married,Postgraduate,Urban,0
55,140824,14,39396,48,885,3,0.14,Single,Graduate,Semiurban,0
45,67924,4,35373,12,789,4,0.56,Single,Undergraduate,Semiurban,0
55,94182,16,38154,60,793,4,0.76,Single,Postgraduate,Rural,0
45,113065,14,11031,24,613,4,0.36,Single,Undergraduate,Rural,0
49,79052,15,32997,12,674,0,0.38,Married,Postgraduate,Rural,0
38,31664,3,11439,24,324,2,0.58,Single,Graduate,Urban,1
38,55737,8,27785,24,633,0,0.32,Married,Undergraduate,Urban,0
22,121332,16,18392,36,654,2,0.12,Single,Undergraduate,Urban,0
55,109563,10,33669,24,415,4,0.69,Single,Undergraduate,Semiurban,1
36,49373,4,33939,36,347,4,0.6,Married,Undergraduate,Rural,0
56,137369,18,7282,48,398,3,0.56,Single,Postgraduate,Semiurban,0
53,56397,2,39624,36,758,2,0.69,Married,Postgraduate,Urban,0
24,148575,17,29364,60,822,4,0.64,Single,Undergraduate,Rural,0
53,106145,13,6998,12,896,1,0.26,Single,Postgraduate,Urban,0
34,121371,4,36705,48,704,3,0.38,Single,Undergraduate,Rural,0
41,58709,11,43244,48,513,0,0.2,Single,Undergraduate,Rural,0
40,136074,7,14428,60,802,3,0.2,Single,Graduate,Semiurban,0
28,81120,12,42437,36,747,1,0.64,Married,Undergraduate,Semiurban,1
27,39250,10,17336,12,875,2,0.79,Married,Postgraduate,Urban,1
23,41172,7,14342,36,557,0,0.87,Single,Undergraduate,Semiurban,0
37,31555,13,44832,24,420,0,0.6,Single,Graduate,Semiurban,1
53,107410,7,12446,36,353,2,0.25,Married,Postgraduate,Semiurban,0
32,98617,17,43392,48,630,3,0.18,Married,Graduate,Rural,0
42,73276,10,12461,12,540,4,0.75,Single,Graduate,Semiurban,0
42,77492,10,39587,36,829,3,0.56,Single,Undergraduate,Urban,0
50,73002,4,15516,12,782,1,0.59,Married,Graduate,Rural,0
58,140103,4,18749,12,486,4,0.73,Single,Graduate,Rural,1
58,144938,7,22514,24,561,3,0.66,Married,Postgraduate,Semiurban,0
28,109599,1,40426,24,663,2,0.77,Single,Graduate,Rural,1
47,92355,12,41268,48,790,1,0.14,Married,Undergraduate,Urban,0
47,111248,13,29950,60,730,1,0.7,Married,Undergraduate,Urban,0
54,44762,10,39888,12,538,1,0.78,Single,Undergraduate,Rural,0
41,31046,15,41788,60,603,4,0.33,Married,Graduate,Semiurban,1
50,116999,13,15213,48,597,0,0.61,Single,Postgraduate,Semiurban,0
53,144130,9,41027,12,375,4,0.35,Single,Undergraduate,Rural,1
48,136021,9,33011,12,632,3,0.87,Single,Graduate,Urban,0
53,48769,15,47849,60,773,0,0.13,Single,Undergraduate,Rural,0
25,73302,10,39591,36,582,3,0.56,Married,Undergraduate,Semiurban,0
39,43150,10,22858,24,890,0,0.23,Single,Postgraduate,Semiurban,0
24,88247,8,23626,36,371,4,0.67,Single,Undergraduate,Rural,1
55,24853,16,18467,60,562,1,0.24,Single,Postgraduate,Urban,0
37,114613,17,44758,24,874,2,0.29,Single,Graduate,Rural,0
48,140900,5,8134,36,311,1,0.5,Married,Undergraduate,Urban,0
50,109399,4,21743,24,440,4,0.83,Single,Graduate,Urban,1
49,41792,18,20434,12,854,0,0.27,Married,Graduate,Rural,0
26,79129,19,15233,36,316,1,0.22,Married,Graduate,Rural,0
55,126019,4,6141,24,362,4,0.71,Married,Undergraduate,Urban,1
57,94478,7,23019,24,552,3,0.5,Single,Postgraduate,Urban,0
44,133811,10,25384,24,764,2,0.83,Single,Undergraduate,Urban,0
49,134130,18,47903,36,675,1,0.22,Single,Graduate,Urban,0
51,87298,19,41129,48,819,0,0.62,Single,Postgraduate,Semiurban,1
55,51987,4,27967,36,389,3,0.29,Married,Graduate,Rural,0
53,35850,10,45603,60,474,4,0.23,Married,Postgraduate,Urban,1
41,32112,1,16172,36,375,2,0.65,Single,Undergraduate,Rural,1
52,141789,18,21390,24,699,0,0.57,Single,Postgraduate,Urban,0
43,44058,5,8267,12,370,4,0.7,Single,Undergraduate,Rural,1
53,65420,15,44332,36,479,4,0.35,Single,Graduate,Rural,1
23,58890,17,31167,36,423,1,0.46,Single,Postgraduate,Urban,0
38,86017,3,26312,24,680,1,0.42,Single,Graduate,Urban,0
45,67304,12,32840,12,592,0,0.89,Single,Postgraduate,Rural,0
51,52921,2,23990,12,494,4,0.33,Married,Undergraduate,Rural,0
23,125921,1,49179,60,527,1,0.34,Married,Postgraduate,Rural,0
44,21524,17,10906,36,730,2,0.38,Married,Postgraduate,Semiurban,0
52,120424,16,45379,12,735,2,0.55,Married,Undergraduate,Urban,0
42,35048,5,22297,12,760,4,0.3,Single,Undergraduate,Semiurban,0
43,55111,15,7011,48,320,1,0.83,Single,Undergraduate,Semiurban,1
22,57904,3,49014,48,363,0,0.31,Single,Postgraduate,Urban,1
47,74912,7,16738,12,464,0,0.82,Single,Graduate,Urban,1
22,54008,11,33797,60,326,0,0.18,Single,Postgraduate,Semiurban,0
46,20060,10,16120,12,610,2,0.63,Married,Postgraduate,Urban,1
37,94666,9,13767,24,584,1,0.83,Single,Graduate,Rural,0
53,103559,14,27852,36,580,1,0.23,Married,Undergraduate,Rural,0
29,75337,13,18703,60,463,2,0.87,Single,Postgraduate,Semiurban,1
59,130616,2,5929,24,523,0,0.46,Married,Graduate,Semiurban,0
49,33350,3,16951,60,445,0,0.86,Single,Undergraduate,Urban,1
46,44354,7,31039,24,329,4,0.64,Married,Undergraduate,Urban,1
55,65186,18,34504,36,344,3,0.34,Single,Postgraduate,Semiurban,0
45,48145,3,22438,36,770,1,0.25,Single,Undergraduate,Semiurban,0
44,54020,10,10744,48,333,1,0.34,Single,Undergraduate,Rural,0
33,106123,7,23284,24,726,1,0.17,Single,Graduate,Rural,0
27,126667,9,47417,48,520,3,0.22,Married,Graduate,Urban,0
56,95186,17,44748,24,833,4,0.18,Single,Undergraduate,Rural,0
40,105469,11,12069,48,666,3,0.44,Married,Graduate,Urban,0
21,40581,7,47359,36,849,0,0.74,Single,Undergraduate,Urban,1
28,108929,14,24799,60,881,0,0.21,Married,Postgraduate,Urban,0
36,43051,19,38210,48,415,1,0.2,Single,Graduate,Rural,0
34,71474,4,33226,24,538,2,0.61,Single,Undergraduate,Semiurban,0
32,111748,6,9652,24,634,1,0.26,Married,Undergraduate,Semiurban,0
43,145995,10,29323,36,740,2,0.18,Single,Graduate,Rural,0
35,134618,7,47138,24,447,3,0.23,Single,Graduate,Semiurban,1
48,89626,13,12597,12,308,0,0.84,Married,Postgraduate,Urban,1
54,26960,14,42226,60,587,2,0.76,Single,Undergraduate,Semiurban,1
22,55772,4,11591,48,687,3,0.38,Married,Postgraduate,Rural,0
52,41520,8,30833,60,349,0,0.62,Single,Postgraduate,Semiurban,1
43,69481,5,16826,36,816,2,0.53,Married,Postgraduate,Urban,0
42,56408,1,31417,48,886,1,0.64,Married,Graduate,Urban,0
45,114006,4,23693,48,577,1,0.65,Married,Postgraduate,Rural,0
42,148496,3,19138,12,599,1,0.6,Married,Graduate,Rural,0
42,77134,9,7169,36,888,3,0.31,Single,Graduate,Rural,0
26,40491,8,23556,24,434,1,0.13,Single,Postgraduate,Urban,0
35,21341,1,27052,12,879,4,0.46,Married,Postgraduate,Semiurban,0
57,64623,6,11313,12,446,0,0.81,Single,Undergraduate,Semiurban,1
53,110327,9,13315,60,789,3,0.56,Single,Postgraduate,Rural,0
28,20338,7,13036,60,777,1,0.77,Single,Undergraduate,Semiurban,1
25,91431,4,36778,60,458,0,0.89,Married,Postgraduate,Semiurban,1
59,32254,13,32734,12,683,2,0.23,Single,Postgraduate,Rural,0
24,71860,17,28173,24,462,1,0.65,Single,Postgraduate,Rural,1
26,31344,2,35403,48,740,0,0.64,Married,Postgraduate,Urban,1
52,21750,5,5785,60,488,4,0.88,Single,Undergraduate,Urban,1
50,74756,12,11139,24,714,2,0.89,Married,Undergraduate,Urban,0
55,87957,8,11344,36,638,4,0.65,Married,Postgraduate,Urban,0
36,125423,6,23800,60,480,0,0.29,Married,Postgraduate,Semiurban,0
33,78053,8,30372,48,587,4,0.74,Single,Undergraduate,Semiurban,0
50,90855,18,25538,36,486,0,0.19,Single,Graduate,Urban,0
39,35896,3,19973,36,437,0,0.72,Married,Graduate,Urban,1
37,75761,12,10619,48,429,4,0.83,Married,Graduate,Rural,1
39,82552,3,39704,60,493,0,0.41,Married,Undergraduate,Semiurban,0
48,140075,6,41575,12,615,1,0.6,Married,Undergraduate,Semiurban,0
46,97454,2,44919,48,443,0,0.44,Married,Graduate,Urban,1
57,146522,12,47261,48,315,3,0.45,Married,Graduate,Semiurban,1
46,138681,2,32716,48,601,0,0.35,Single,Postgraduate,Rural,0
43,110600,6,8236,36,722,3,0.71,Married,Undergraduate,Rural,0
29,142732,17,20848,24,544,0,0.85,Married,Undergraduate,Semiurban,0
32,132153,3,7352,12,406,0,0.85,Married,Graduate,Urban,1
21,142926,2,6932,60,387,4,0.24,Single,Graduate,Semiurban,0
21,47935,8,15913,60,428,1,0.8,Single,Undergraduate,Rural,1
54,57641,12,13556,24,640,1,0.69,Single,Postgraduate,Urban,0
52,49711,4,26300,48,303,2,0.3,Single,Graduate,Semiurban,0
45,90342,5,10498,12,626,4,0.15,Married,Undergraduate,Urban,0
21,126896,13,15582,60,709,4,0.31,Single,Undergraduate,Urban,0
36,32182,15,14569,60,605,1,0.83,Married,Postgraduate,Rural,1
59,107833,16,9857,48,524,4,0.61,Married,Postgraduate,Urban,0
25,76276,10,5340,24,647,1,0.68,Married,Graduate,Semiurban,0
42,39541,16,48949,12,620,4,0.31,Married,Graduate,Urban,1
49,114457,12,21766,24,858,0,0.68,Married,Graduate,Urban,0
23,102310,17,31132,24,480,1,0.12,Married,Undergraduate,Semiurban,0
32,64813,16,13491,12,685,1,0.4,Single,Graduate,Rural,0
46,57198,12,5138,12,407,3,0.6,Single,Undergraduate,Rural,0
36,28820,8,5358,60,830,4,0.22,Single,Graduate,Semiurban,0
57,44070,3,14714,60,709,4,0.76,Single,Postgraduate,Semiurban,0
42,89768,16,24840,12,595,1,0.29,Single,Postgraduate,Rural,0
49,31122,13,39395,36,470,0,0.62,Married,Undergraduate,Urban,1
34,100559,19,35654,60,630,0,0.42,Single,Postgraduate,Semiurban,0
48,93543,8,30879,36,792,0,0.58,Single,Undergraduate,Urban,0
25,103441,5,20996,12,494,4,0.19,Single,Undergraduate,Semiurban,0
50,61786,8,42772,60,311,3,0.11,Married,Postgraduate,Rural,1
25,114934,12,31762,24,494,1,0.83,Married,Undergraduate,Urban,1
32,119804,1,18283,12,789,2,0.32,Married,Postgraduate,Urban,0
36,26737,6,44420,48,481,3,0.76,Single,Graduate,Semiurban,1
46,56062,18,24554,36,615,2,0.9,Single,Graduate,Urban,0
46,74237,8,25219,12,329,3,0.27,Single,Postgraduate,Semiurban,0
41,71571,7,39919,12,895,0,0.31,Single,Postgraduate,Rural,0
59,45510,1,14429,60,395,4,0.63,Single,Postgraduate,Urban,1
56,39426,16,49695,60,680,2,0.87,Married,Postgraduate,Semiurban,1
53,57265,12,44673,60,743,3,0.83,Single,Graduate,Urban,1
50,37850,6,24218,48,597,4,0.5,Married,Undergraduate,Semiurban,0
57,138249,2,17452,60,660,2,0.74,Single,Undergraduate,Semiurban,0
43,86150,14,23951,12,673,1,0.21,Married,Graduate,Semiurban,0
30,107312,4,6307,60,853,3,0.88,Married,Undergraduate,Rural,0
25,109613,1,19852,24,602,1,0.87,Married,Graduate,Urban,0
56,94910,18,30232,60,720,0,0.23,Married,Undergraduate,Rural,0
54,72375,13,40428,48,545,1,0.34,Single,Postgraduate,Semiurban,0
51,141826,2,48171,24,536,1,0.18,Single,Postgraduate,Semiurban,0
30,55435,9,31485,12,833,3,0.32,Single,Postgraduate,Rural,0
39,116443,2,15238,12,484,0,0.75,Married,Graduate,Rural,1
52,77132,9,43975,36,767,1,0.4,Single,Graduate,Urban,0
21,98945,1,6140,24,662,4,0.17,Single,Undergraduate,Semiurban,0
25,102050,11,29842,36,582,2,0.37,Single,Undergraduate,Rural,0
24,149828,3,31421,24,852,1,0.89,Single,Undergraduate,Semiurban,0
36,115402,4,6708,24,635,0,0.6,Married,Graduate,Semiurban,0
44,22983,18,8630,48,461,1,0.43,Married,Undergraduate,Urban,1
36,117241,6,24595,36,459,2,0.23,Single,Postgraduate,Urban,0
22,40662,3,15485,48,773,0,0.89,Single,Undergraduate,Urban,0
48,43510,11,33308,24,621,3,0.76,Single,Postgraduate,Rural,0
52,98187,15,49789,12,311,0,0.33,Married,Graduate,Semiurban,1
47,60998,5,31086,24,723,3,0.16,Married,Postgraduate,Rural,0
40,76846,10,21859,48,372,0,0.15,Married,Postgraduate,Rural,0
44,114071,12,12684,36,887,2,0.2,Single,Postgraduate,Urban,0
32,26640,15,30552,36,500,2,0.56,Married,Graduate,Semiurban,0
55,64547,17,6207,48,821,0,0.84,Married,Graduate,Semiurban,0
53,74620,10,6960,36,804,1,0.5,Married,Graduate,Urban,0
53,35317,6,5557,60,338,2,0.77,Married,Graduate,Semiurban,1
57,135608,18,34689,12,359,3,0.46,Married,Undergraduate,Urban,0
32,27564,13,18893,12,877,3,0.67,Single,Graduate,Rural,1
23,47345,3,37272,12,620,4,0.69,Single,Postgraduate,Rural,0
21,133824,10,5882,36,734,3,0.24,Single,Graduate,Urban,0
53,114223,14,42529,36,707,4,0.39,Single,Undergraduate,Rural,0
30,143372,6,43635,24,685,0,0.61,Married,Undergraduate,Rural,1
49,99273,3,34535,24,868,0,0.16,Single,Undergraduate,Urban,0
33,94859,16,17869,12,377,0,0.39,Single,Postgraduate,Rural,0
32,100765,7,12166,60,493,1,0.53,Single,Graduate,Semiurban,0
51,130017,14,17982,24,584,1,0.9,Married,Graduate,Rural,0
22,94038,9,45697,24,826,4,0.48,Single,Graduate,Urban,0
55,143618,15,43115,36,823,3,0.75,Married,Postgraduate,Semiurban,1
43,72393,3,12269,60,455,3,0.45,Married,Postgraduate,Semiurban,0
37,86081,2,33064,12,639,0,0.74,Married,Undergraduate,Rural,0
46,145341,2,18527,24,424,2,0.58,Single,Undergraduate,Semiurban,0
28,122650,3,7454,60,579,1,0.81,Married,Graduate,Urban,0
49,49430,18,25878,60,427,1,0.43,Single,Postgraduate,Semiurban,0
46,95532,14,17991,12,613,0,0.58,Single,Postgraduate,Rural,0
30,47788,18,7808,60,631,1,0.6,Single,Graduate,Rural,0
46,115505,10,44410,60,449,0,0.43,Married,Graduate,Semiurban,1
54,68543,2,41593,60,753,4,0.22,Married,Undergraduate,Urban,0
27,33919,1,41304,24,335,3,0.17,Single,Undergraduate,Urban,1
24,89346,4,35386,12,719,2,0.11,Married,Undergraduate,Rural,0
31,116122,14,8802,60,321,3,0.8,Married,Graduate,Rural,1
49,59974,1,33753,60,505,3,0.29,Married,Graduate,Urban,0
56,127309,14,26083,24,655,4,0.27,Single,Undergraduate,Semiurban,0
45,36371,16,23354,12,739,1,0.69,Married,Undergraduate,Semiurban,1
41,65084,14,27190,36,395,2,0.36,Married,Postgraduate,Semiurban,0
56,49629,3,11142,24,463,1,0.5,Single,Postgraduate,Semiurban,0
30,71184,3,33398,12,447,3,0.23,Married,Undergraduate,Urban,0
57,81916,9,46862,60,829,0,0.87,Single,Undergraduate,Rural,1
29,147293,6,38132,12,593,3,0.78,Married,Postgraduate,Rural,0
44,93972,13,24503,12,494,1,0.79,Married,Undergraduate,Semiurban,1
55,82187,2,39631,12,779,3,0.43,Married,Postgraduate,Urban,0
55,32984,8,21499,36,422,0,0.71,Married,Postgraduate,Urban,1
56,53039,2,44852,12,699,4,0.22,Married,Postgraduate,Semiurban,0
38,105431,4,13016,36,751,1,0.11,Married,Graduate,Semiurban,0
59,103691,15,7384,60,403,3,0.12,Single,Graduate,Semiurban,0
52,78606,4,20072,36,761,1,0.57,Married,Undergraduate,Rural,0
44,30616,13,41703,60,695,4,0.46,Married,Postgraduate,Semiurban,1
43,122665,12,19482,60,636,3,0.51,Married,Graduate,Rural,0
52,125373,13,45510,36,898,3,0.11,Single,Undergraduate,Urban,0
57,70072,14,26826,24,441,1,0.44,Single,Undergraduate,Urban,0
32,44574,18,7490,48,616,1,0.67,Single,Undergraduate,Rural,0
33,23430,6,30518,12,857,0,0.45,Married,Undergraduate,Rural,0
43,139123,11,29045,48,826,4,0.69,Married,Undergraduate,Rural,0
45,32676,2,31910,12,855,0,0.29,Single,Postgraduate,Rural,0
55,30816,19,29566,12,700,3,0.75,Single,Undergraduate,Semiurban,1
50,52733,19,38905,60,609,1,0.57,Single,Postgraduate,Urban,0
37,105680,5,32103,12,794,3,0.27,Married,Graduate,Semiurban,0
40,22050,19,41188,12,855,3,0.29,Single,Undergraduate,Rural,1
45,129996,2,10845,36,408,2,0.6,Married,Graduate,Semiurban,0
42,53933,10,26162,48,671,2,0.76,Married,Postgraduate,Semiurban,0
33,44951,2,41674,36,505,3,0.43,Married,Postgraduate,Urban,0
39,52413,11,24337,12,342,1,0.31,Single,Graduate,Semiurban,0
56,54801,18,27313,60,544,3,0.79,Married,Undergraduate,Urban,0
32,75619,15,31943,36,586,2,0.64,Single,Undergraduate,Rural,0
39,52913,9,17413,36,654,1,0.46,Single,Graduate,Semiurban,0
32,132573,19,5276,24,775,3,0.49,Single,Graduate,Rural,0
29,139076,9,22611,12,382,4,0.26,Single,Graduate,Urban,0
27,60600,3,44105,60,409,4,0.6,Married,Undergraduate,Rural,1
48,77775,9,16944,36,489,3,0.39,Married,Undergraduate,Rural,0
34,110816,14,20906,36,550,1,0.9,Married,Undergraduate,Urban,0
51,149972,19,25536,60,590,3,0.48,Married,Graduate,Rural,0
39,110093,7,32810,12,500,3,0.49,Single,Undergraduate,Rural,0
36,132590,16,17306,24,625,2,0.55,Single,Postgraduate,Rural,0
25,55400,16,15503,36,810,4,0.83,Single,Graduate,Semiurban,0
55,24494,1,24225,24,708,2,0.74,Single,Undergraduate,Rural,1
32,100688,4,41976,48,807,2,0.46,Married,Graduate,Urban,0
45,142744,4,16590,12,371,3,0.67,Single,Postgraduate,Semiurban,1
41,109431,7,15886,48,546,2,0.57,Married,Postgraduate,Semiurban,0
56,94691,8,17866,48,886,4,0.49,Single,Graduate,Urban,0
43,117419,17,6088,48,865,2,0.25,Single,Graduate,Rural,0
36,128730,5,8363,12,643,4,0.47,Single,Postgraduate,Semiurban,0
59,63001,7,37792,12,353,2,0.3,Single,Graduate,Semiurban,0
59,87364,4,14764,60,827,4,0.83,Married,Postgraduate,Semiurban,0
34,144988,6,25620,24,831,2,0.37,Married,Postgraduate,Rural,0
51,65028,7,47727,24,857,2,0.86,Married,Undergraduate,Semiurban,1
25,127434,18,17935,60,492,1,0.53,Married,Graduate,Urban,0
55,117659,5,13068,60,357,4,0.61,Single,Graduate,Rural,1
43,57573,3,12295,48,736,4,0.53,Single,Undergraduate,Urban,0
49,20806,7,46160,60,410,4,0.2,Married,Postgraduate,Urban,1
31,144343,14,16390,36,428,0,0.4,Married,Graduate,Semiurban,0
38,76638,7,46216,24,625,2,0.18,Single,Undergraduate,Semiurban,0
32,148301,5,25131,60,307,4,0.6,Single,Undergraduate,Semiurban,0
29,146295,5,34218,36,328,0,0.46,Married,Graduate,Urban,0
30,126506,2,15433,36,411,1,0.72,Married,Undergraduate,Rural,1
37,49757,6,20038,36,430,4,0.28,Married,Postgraduate,Semiurban,0
58,54636,15,33182,36,487,4,0.23,Single,Undergraduate,Semiurban,0
27,100097,10,16528,48,774,0,0.43,Married,Postgraduate,Urban,0
33,68280,7,26281,36,663,2,0.84,Married,Postgraduate,Rural,0
29,44262,5,13605,48,503,1,0.67,Married,Graduate,Urban,0
47,100435,1,39782,48,511,4,0.44,Married,Undergraduate,Semiurban,0
22,82211,13,6381,36,575,2,0.51,Married,Postgraduate,Urban,0
25,74842,18,6098,24,372,1,0.17,Single,Postgraduate,Semiurban,0
49,148583,13,24810,36,542,3,0.89,Married,Undergraduate,Rural,0
57,76979,18,29322,36,401,3,0.63,Single,Postgraduate,Urban,1
58,134524,5,46869,36,470,1,0.33,Married,Undergraduate,Semiurban,1
39,101470,13,37955,24,487,0,0.57,Married,Graduate,Semiurban,0
28,58197,4,49716,12,740,1,0.19,Married,Postgraduate,Semiurban,0
21,61844,17,15207,12,385,1,0.87,Single,Postgraduate,Semiurban,1
42,84754,3,26793,48,775,0,0.24,Single,Undergraduate,Urban,0
37,121868,17,7092,48,351,0,0.62,Single,Undergraduate,Semiurban,1
27,54157,11,33220,24,410,2,0.3,Married,Undergraduate,Urban,0
45,97129,4,23514,60,342,2,0.67,Married,Undergraduate,Semiurban,1
24,60042,2,43010,12,510,0,0.72,Single,Postgraduate,Urban,1
56,81665,16,13549,48,499,3,0.64,Single,Graduate,Urban,1
26,135512,18,27031,12,325,3,0.59,Married,Graduate,Semiurban,0
51,136953,8,10185,24,598,1,0.81,Single,Graduate,Semiurban,0
39,102856,3,20271,24,376,4,0.16,Married,Graduate,Semiurban,0
59,47376,9,10776,60,436,1,0.36,Single,Undergraduate,Semiurban,0
47,129049,6,17449,60,319,1,0.3,Single,Postgraduate,Rural,0
30,75554,10,29297,24,739,4,0.89,Single,Postgraduate,Semiurban,0
46,34199,10,45591,48,510,0,0.41,Married,Postgraduate,Semiurban,1
39,138533,13,20717,12,850,3,0.69,Married,Undergraduate,Semiurban,0
59,101412,17,45123,36,734,1,0.65,Single,Postgraduate,Urban,1
23,70948,9,44233,60,506,4,0.27,Married,Undergraduate,Semiurban,0
33,93781,17,15350,36,738,2,0.29,Married,Postgraduate,Urban,0
48,92750,9,35622,48,341,1,0.33,Married,Graduate,Urban,0
40,86262,9,40323,60,710,3,0.43,Married,Undergraduate,Urban,0
48,137424,1,7951,36,822,0,0.29,Single,Postgraduate,Urban,0
28,66600,2,22622,48,726,1,0.12,Married,Graduate,Rural,0
59,96898,16,9727,12,574,1,0.8,Married,Graduate,Semiurban,0
21,82483,1,43454,48,747,4,0.87,Single,Graduate,Urban,1
23,38297,10,41469,60,668,2,0.37,Married,Undergraduate,Semiurban,1
33,50448,18,40548,24,519,2,0.37,Married,Undergraduate,Urban,0
48,46172,8,28782,12,876,0,0.11,Married,Postgraduate,Rural,0
45,62874,11,33454,36,531,3,0.64,Single,Graduate,Urban,0
53,27657,2,7368,60,627,0,0.76,Single,Postgraduate,Semiurban,1
58,104386,8,20592,24,742,1,0.22,Married,Postgraduate,Semiurban,0
26,145617,8,27173,48,351,1,0.23,Married,Graduate,Rural,0
52,45425,17,38204,24,675,2,0.73,Single,Postgraduate,Semiurban,0
41,46685,15,40596,60,562,3,0.59,Single,Undergraduate,Semiurban,0
36,142000,17,39324,60,566,4,0.14,Single,Postgraduate,Urban,0
41,132855,13,28864,24,658,3,0.6,Married,Graduate,Semiurban,0
31,44578,19,35750,48,616,1,0.35,Married,Undergraduate,Urban,0
57,48831,5,15576,24,623,4,0.39,Single,Undergraduate,Rural,0
56,27906,12,21566,60,862,3,0.72,Married,Postgraduate,Semiurban,1
55,81413,1,12190,60,720,3,0.75,Married,Postgraduate,Urban,0
39,74028,5,28071,36,345,4,0.42,Married,Undergraduate,Semiurban,0
40,27287,8,43333,36,899,1,0.86,Married,Postgraduate,Urban,1
38,53660,13,20369,12,568,3,0.43,Married,Graduate,Rural,0
34,95758,8,29035,60,680,4,0.72,Married,Postgraduate,Urban,0
35,80504,11,6589,36,417,1,0.49,Married,Postgraduate,Semiurban,0
51,79720,1,30235,24,865,4,0.82,Single,Undergraduate,Urban,0
21,122979,13,5159,48,415,4,0.83,Single,Postgraduate,Semiurban,1
23,54701,19,17145,24,559,3,0.17,Single,Postgraduate,Rural,0
36,103300,3,20373,48,374,1,0.85,Single,Postgraduate,Urban,1
43,130177,17,36921,36,779,3,0.76,Single,Graduate,Semiurban,0
31,37674,5,44323,12,604,0,0.73,Single,Postgraduate,Semiurban,1
32,103560,8,21237,24,306,0,0.26,Single,Graduate,Semiurban,0
30,131543,14,46971,24,665,1,0.74,Single,Graduate,Urban,1
52,43874,4,13244,24,822,4,0.78,Single,Graduate,Urban,0
36,63642,11,19743,48,647,3,0.33,Married,Graduate,Urban,0
28,143867,15,36566,36,737,3,0.86,Married,Undergraduate,Rural,0
58,117820,19,23691,24,514,1,0.14,Single,Graduate,Semiurban,0
32,85160,7,38996,24,728,1,0.22,Married,Postgraduate,Semiurban,0
44,37602,19,10590,12,797,0,0.53,Married,Graduate,Rural,0
48,123320,19,10585,12,839,2,0.56,Single,Postgraduate,Rural,0
28,108801,11,14227,36,666,1,0.62,Single,Graduate,Urban,0
48,45931,5,33278,36,612,2,0.11,Single,Undergraduate,Urban,0
56,114377,5,43814,60,837,1,0.87,Married,Graduate,Urban,1
46,49192,8,17237,12,353,4,0.14,Married,Graduate,Urban,0
28,66542,10,20649,60,840,4,0.21,Single,Undergraduate,Urban,0
48,147015,6,42713,48,766,0,0.11,Married,Graduate,Urban,0
48,62520,15,12927,60,463,0,0.55,Married,Postgraduate,Rural,0
57,84772,16,12016,24,633,2,0.85,Married,Graduate,Rural,0
56,78762,17,19027,60,846,1,0.63,Single,Graduate,Rural,0
47,70106,8,29142,36,647,3,0.76,Married,Graduate,Semiurban,0
37,101121,8,28545,48,572,0,0.11,Married,Undergraduate,Semiurban,0
29,45559,9,36897,24,713,3,0.53,Married,Graduate,Urban,0
53,125595,2,8167,60,799,3,0.47,Married,Graduate,Rural,0
40,53742,15,49757,48,392,1,0.5,Married,Postgraduate,Semiurban,1
33,89669,18,31917,48,378,2,0.16,Married,Graduate,Semiurban,0
48,100199,3,27736,24,516,1,0.65,Married,Graduate,Rural,0
49,41754,17,32990,60,657,0,0.5,Single,Graduate,Semiurban,0
33,23972,4,19087,48,806,3,0.71,Single,Graduate,Semiurban,1
55,90831,4,27440,48,858,1,0.49,Married,Postgraduate,Rural,0
26,132217,14,40205,12,480,1,0.22,Single,Postgraduate,Semiurban,1
38,61873,9,20275,48,875,1,0.62,Married,Undergraduate,Rural,0
25,114661,9,10276,12,545,0,0.24,Married,Graduate,Semiurban,0
45,126532,18,46627,60,543,2,0.8,Married,Undergraduate,Rural,1
22,146267,10,45586,60,805,1,0.59,Single,Undergraduate,Semiurban,0
30,29903,4,42496,60,721,0,0.23,Married,Graduate,Semiurban,1
50,23020,12,24008,36,619,3,0.87,Married,Postgraduate,Rural,1
25,61755,8,10738,60,386,4,0.51,Single,Postgraduate,Semiurban,0
53,105956,2,37402,48,516,0,0.16,Single,Graduate,Rural,0
21,106988,13,10793,24,789,4,0.6,Married,Graduate,Rural,0
38,65648,16,42291,12,818,1,0.3,Single,Postgraduate,Semiurban,0
52,123537,2,10571,36,577,1,0.74,Single,Graduate,Urban,0
31,145991,11,36331,60,468,0,0.75,Married,Graduate,Semiurban,1
41,29516,10,21209,60,629,4,0.88,Married,Graduate,Urban,1
46,132863,15,30394,24,740,1,0.5,Married,Postgraduate,Urban,0
45,135005,17,48148,24,690,3,0.46,Single,Undergraduate,Semiurban,0
42,22396,8,30682,36,795,2,0.7,Single,Undergraduate,Urban,1
47,104082,18,7224,12,680,2,0.21,Single,Graduate,Rural,0
33,39129,9,46157,60,605,1,0.54,Married,Postgraduate,Rural,1
53,148322,8,49452,36,812,4,0.54,Single,Graduate,Urban,0
54,21591,14,48408,48,487,1,0.17,Single,Postgraduate,Rural,1
55,31303,18,37441,48,815,4,0.43,Married,Graduate,Semiurban,0
21,50561,12,46430,36,726,3,0.78,Married,Postgraduate,Rural,1
41,91719,19,44129,60,801,4,0.78,Married,Postgraduate,Urban,1
26,138618,14,39716,36,559,1,0.18,Single,Undergraduate,Semiurban,0
48,112108,17,49859,60,812,3,0.17,Married,Graduate,Rural,0
37,148748,3,31586,24,370,0,0.31,Single,Undergraduate,Semiurban,0
25,119616,7,49760,36,777,2,0.8,Single,Undergraduate,Urban,1
51,144165,17,28478,60,477,1,0.2,Married,Postgraduate,Rural,0
25,106231,12,11318,36,756,1,0.68,Married,Graduate,Semiurban,0
58,27314,9,33694,36,488,1,0.18,Married,Postgraduate,Semiurban,1
23,137071,15,25180,60,590,3,0.6,Married,Postgraduate,Rural,0
43,39623,18,17180,60,819,0,0.38,Married,Postgraduate,Semiurban,0
57,87675,13,38002,12,591,4,0.73,Single,Graduate,Semiurban,0
57,132992,8,20372,36,582,0,0.29,Single,Graduate,Urban,0
30,116826,14,34796,48,843,3,0.61,Single,Postgraduate,Urban,0
30,85082,8,29427,36,676,1,0.29,Married,Graduate,Urban,0
39,149839,14,38290,36,455,2,0.67,Single,Postgraduate,Urban,1
37,103624,7,33099,60,807,1,0.8,Married,Graduate,Urban,0
41,125228,12,14821,36,712,4,0.2,Married,Graduate,Urban,0
34,53130,11,10832,36,827,2,0.79,Single,Undergraduate,Rural,0
29,71756,11,17820,48,654,1,0.57,Single,Postgraduate,Urban,0
21,117624,13,21211,60,858,2,0.2,Married,Undergraduate,Semiurban,0
33,46292,18,44890,36,486,0,0.44,Single,Undergraduate,Rural,1
24,131785,2,10842,24,330,3,0.23,Married,Postgraduate,Semiurban,0
21,147331,15,6316,12,559,1,0.66,Single,Postgraduate,Urban,0
52,106206,18,22508,48,720,4,0.71,Single,Graduate,Urban,0
54,89274,15,27005,36,828,0,0.18,Single,Postgraduate,Semiurban,0
48,22469,19,20206,24,850,1,0.5,Single,Undergraduate,Semiurban,0
51,73947,12,23971,36,603,0,0.75,Single,Undergraduate,Semiurban,0
28,42534,13,30599,36,338,4,0.85,Married,Postgraduate,Rural,1
59,83620,11,27056,60,788,1,0.51,Single,Undergraduate,Urban,0
46,68874,5,6378,60,841,4,0.86,Single,Graduate,Semiurban,0
54,69708,1,6519,60,577,2,0.53,Single,Undergraduate,Urban,0
23,94553,3,27161,24,502,4,0.42,Married,Graduate,Semiurban,0
32,88344,19,45703,36,365,2,0.78,Married,Undergraduate,Urban,1
21,69138,7,43861,12,407,1,0.49,Married,Graduate,Rural,1
25,74302,12,10355,48,567,2,0.48,Married,Graduate,Urban,0
50,67638,15,14083,60,521,1,0.49,Married,Postgraduate,Semiurban,0
50,98249,5,43342,60,829,1,0.78,Single,Graduate,Urban,1
37,125865,15,25456,36,389,3,0.77,Single,Postgraduate,Rural,1
43,22719,8,18324,36,554,1,0.42,Single,Undergraduate,Rural,0
35,42890,10,7257,24,754,2,0.37,Married,Undergraduate,Urban,0
57,97236,16,32364,24,552,3,0.49,Married,Undergraduate,Semiurban,0
41,56509,8,29972,60,556,3,0.56,Single,Graduate,Rural,0
34,62534,1,31654,36,682,1,0.29,Married,Undergraduate,Rural,0
22,122302,12,20233,12,741,4,0.74,Married,Undergraduate,Urban,0
31,112241,5,20887,48,898,4,0.49,Married,Postgraduate,Rural,0
59,38787,3,34320,36,389,3,0.37,Single,Postgraduate,Rural,1
58,146209,1,25808,36,689,1,0.19,Single,Undergraduate,Semiurban,0
54,68845,4,35154,24,881,4,0.29,Married,Undergraduate,Semiurban,0
58,77932,8,39773,48,343,1,0.86,Married,Graduate,Semiurban,1
54,112124,3,32747,60,897,1,0.34,Married,Graduate,Urban,0
38,111659,10,15860,36,318,3,0.24,Married,Undergraduate,Rural,0
50,53062,2,47838,60,400,3,0.47,Single,Postgraduate,Urban,1
35,95713,11,47156,36,656,0,0.35,Married,Undergraduate,Rural,0
47,107263,10,23156,60,841,4,0.13,Single,Graduate,Rural,0
54,115756,14,25360,48,332,4,0.36,Single,Postgraduate,Rural,0
58,80461,7,23135,24,528,4,0.54,Single,Postgraduate,Semiurban,0
53,95418,2,30351,48,823,2,0.54,Married,Graduate,Urban,0
44,86672,9,35499,12,454,1,0.39,Single,Undergraduate,Urban,0
35,148232,16,28554,24,722,3,0.46,Single,Undergraduate,Rural,0
50,54832,13,24604,48,545,4,0.87,Married,Undergraduate,Urban,0
37,147335,9,21923,12,704,0,0.4,Married,Graduate,Semiurban,0
25,51966,4,13547,36,840,4,0.31,Married,Postgraduate,Urban,0
49,92545,10,49283,36,460,1,0.29,Single,Graduate,Rural,1
24,32987,12,38002,60,416,1,0.47,Married,Undergraduate,Semiurban,1
30,57311,17,19562,24,570,3,0.71,Single,Graduate,Semiurban,0
37,51575,14,12480,36,786,2,0.26,Single,Postgraduate,Rural,0
30,83852,14,31672,24,471,3,0.67,Married,Graduate,Urban,1
37,147650,2,9213,36,573,4,0.12,Single,Undergraduate,Rural,0
40,21007,11,15293,60,558,0,0.44,Single,Postgraduate,Urban,0
44,90981,16,39441,48,434,3,0.72,Single,Graduate,Urban,1
25,96242,19,7100,60,721,2,0.37,Single,Graduate,Semiurban,0
54,67517,6,49617,12,720,3,0.55,Married,Postgraduate,Rural,0
26,130022,19,33172,36,485,1,0.26,Single,Postgraduate,Semiurban,0
22,49257,5,25132,12,663,4,0.69,Married,Undergraduate,Rural,0
33,107272,4,23199,12,677,4,0.14,Single,Postgraduate,Rural,0
31,62207,15,41609,24,822,4,0.78,Single,Undergraduate,Semiurban,1
43,33281,4,47965,36,879,4,0.26,Married,Graduate,Rural,1
36,81246,10,13016,12,495,4,0.8,Single,Undergraduate,Rural,1
51,21435,3,44779,48,397,4,0.38,Single,Graduate,Urban,1
31,118875,5,42261,12,321,0,0.68,Single,Postgraduate,Rural,1
36,120686,6,36881,48,749,2,0.36,Single,Graduate,Rural,0
28,111357,8,22058,24,471,4,0.82,Single,Postgraduate,Semiurban,1
24,46660,7,29472,12,682,2,0.2,Single,Graduate,Semiurban,0
24,25084,10,46346,60,433,4,0.24,Married,Graduate,Rural,1
45,102197,6,39926,24,725,3,0.49,Married,Graduate,Urban,0
23,33507,14,39832,48,324,4,0.17,Married,Graduate,Urban,1
52,92595,4,41021,24,802,1,0.26,Single,Undergraduate,Semiurban,0
23,103807,13,29087,12,484,0,0.86,Single,Graduate,Rural,1
47,65539,17,17828,36,384,3,0.88,Single,Undergraduate,Rural,1
49,135953,7,36128,36,866,3,0.4,Married,Postgraduate,Urban,0
52,27491,4,6401,48,443,1,0.84,Single,Postgraduate,Urban,1
39,147706,14,24643,48,711,4,0.54,Married,Undergraduate,Urban,0
41,132831,3,20193,36,523,0,0.32,Single,Postgraduate,Semiurban,0
25,70192,5,31853,48,519,3,0.66,Single,Postgraduate,Rural,0
38,100395,16,49864,24,478,0,0.63,Single,Graduate,Semiurban,1
48,143797,4,25307,60,732,3,0.89,Married,Graduate,Rural,0
42,83888,2,41982,60,564,4,0.31,Single,Graduate,Semiurban,0
41,93609,18,24611,24,728,3,0.64,Married,Undergraduate,Rural,0
26,29077,19,48791,60,715,3,0.14,Single,Undergraduate,Urban,1
21,137440,19,16950,12,752,2,0.19,Single,Postgraduate,Urban,0
25,142901,17,15704,24,496,4,0.1,Married,Graduate,Urban,0
32,40953,14,48111,48,853,1,0.9,Single,Undergraduate,Semiurban,1
46,96919,19,16867,24,352,1,0.74,Single,Undergraduate,Urban,1
54,134682,13,7745,36,779,4,0.73,Single,Graduate,Rural,0
34,141041,12,8866,48,742,1,0.51,Single,Undergraduate,Semiurban,0
46,87889,6,37245,36,629,4,0.34,Married,Graduate,Rural,0
47,43821,4,49724,48,550,1,0.22,Married,Postgraduate,Semiurban,0
29,57567,19,10818,60,422,2,0.33,Single,Postgraduate,Rural,0
46,135374,16,35116,24,686,1,0.4,Single,Postgraduate,Rural,0
42,44860,13,20493,12,638,3,0.71,Married,Graduate,Semiurban,0
50,41195,4,33038,48,647,4,0.53,Single,Undergraduate,Semiurban,0
37,97475,17,25447,48,328,0,0.16,Married,Postgraduate,Urban,0
46,110874,1,35431,36,334,0,0.11,Single,Postgraduate,Urban,0
56,107266,18,22908,60,817,4,0.18,Married,Postgraduate,Rural,0
21,41427,17,34336,36,695,2,0.43,Married,Undergraduate,Rural,0
28,120732,15,45992,36,593,1,0.85,Married,Undergraduate,Rural,1
55,47083,11,9025,60,888,2,0.61,Married,Graduate,Semiurban,0
35,107046,13,25093,12,648,0,0.74,Single,Postgraduate,Semiurban,0
42,77372,1,11155,36,446,4,0.47,Single,Undergraduate,Urban,0
34,143786,17,38487,36,366,4,0.39,Married,Graduate,Rural,0
46,64064,6,25963,48,819,2,0.19,Married,Postgraduate,Urban,0
48,27813,4,25936,60,421,2,0.8,Married,Undergraduate,Semiurban,1
43,51598,16,9426,24,639,1,0.73,Married,Undergraduate,Semiurban,0
34,132718,15,28303,12,474,3,0.23,Single,Graduate,Semiurban,0
44,146879,15,32606,12,896,3,0.51,Married,Postgraduate,Urban,0
22,113106,6,33151,60,750,1,0.49,Married,Postgraduate,Semiurban,0
46,47082,15,18767,48,856,3,0.6,Married,Undergraduate,Rural,0
34,49241,14,16308,48,435,0,0.86,Married,Postgraduate,Urban,1
27,116214,11,49245,60,315,3,0.56,Married,Graduate,Semiurban,1
23,64569,7,29770,48,632,1,0.53,Married,Undergraduate,Urban,0
43,31745,9,33572,12,494,3,0.14,Married,Undergraduate,Urban,1
38,46029,16,46448,12,795,4,0.15,Single,Graduate,Semiurban,0
58,33025,5,7204,24,308,2,0.25,Married,Undergraduate,Semiurban,1
55,121660,10,32233,60,633,0,0.13,Married,Postgraduate,Urban,0
35,143395,18,26729,36,632,4,0.69,Married,Postgraduate,Urban,0
45,34288,3,36131,36,626,4,0.68,Single,Undergraduate,Semiurban,1
57,109186,13,38870,24,314,1,0.21,Single,Graduate,Rural,0
48,26540,11,43011,24,525,2,0.77,Single,Graduate,Urban,1
30,117768,17,44382,48,724,2,0.22,Married,Postgraduate,Urban,0
59,101958,13,46475,24,707,0,0.34,Married,Graduate,Rural,0
37,88878,6,26607,24,412,1,0.3,Married,Undergraduate,Semiurban,0
59,61846,17,29968,36,727,0,0.4,Single,Undergraduate,Semiurban,0
42,121148,13,38398,48,300,3,0.3,Married,Postgraduate,Rural,0
46,95932,19,16908,24,565,4,0.49,Single,Postgraduate,Semiurban,0
45,37482,19,31423,24,790,0,0.43,Single,Postgraduate,Semiurban,0
37,43411,10,48615,48,507,4,0.89,Single,Graduate,Urban,1
33,70975,3,14171,60,668,1,0.14,Single,Undergraduate,Urban,0
40,80545,14,17721,48,605,3,0.21,Single,Undergraduate,Urban,0
45,132302,19,21616,36,311,1,0.14,Married,Undergraduate,Rural,0
24,98797,5,47512,60,644,3,0.6,Married,Postgraduate,Semiurban,0
30,72307,5,43458,12,764,3,0.14,Single,Undergraduate,Semiurban,0
23,23093,17,12659,48,793,4,0.77,Married,Graduate,Urban,1
38,97258,10,48369,36,667,1,0.51,Married,Graduate,Urban,0
56,42042,5,16704,60,719,1,0.52,Single,Undergraduate,Rural,0
42,72930,4,37793,48,470,0,0.55,Single,Postgraduate,Semiurban,0
54,137584,6,36226,24,433,1,0.24,Married,Undergraduate,Rural,0
28,64413,4,28852,48,726,0,0.26,Married,Graduate,Semiurban,0
39,133387,7,37082,12,324,2,0.36,Married,Graduate,Rural,0
57,113623,7,27794,48,829,2,0.57,Married,Graduate,Urban,0
26,117883,18,46420,60,489,2,0.27,Single,Undergraduate,Rural,1
46,53756,3,18379,60,440,1,0.19,Married,Graduate,Rural,0
54,73268,1,12006,48,854,1,0.88,Single,Postgraduate,Urban,0
26,59214,4,13682,60,614,0,0.12,Single,Undergraduate,Semiurban,0
57,101871,6,38840,24,743,3,0.74,Married,Undergraduate,Semiurban,0
53,147844,9,37430,48,618,0,0.73,Married,Graduate,Urban,0
42,48602,14,28091,24,740,2,0.34,Married,Graduate,Rural,0
41,73331,12,37983,24,391,0,0.21,Single,Postgraduate,Rural,0
26,68901,4,28989,36,478,3,0.22,Single,Undergraduate,Rural,0
26,119986,12,14915,48,355,1,0.66,Single,Graduate,Semiurban,1
24,83416,10,47552,60,454,0,0.61,Single,Postgraduate,Rural,1
50,52196,7,23990,24,410,2,0.73,Married,Graduate,Semiurban,1
31,148386,3,29734,36,436,2,0.85,Single,Undergraduate,Rural,1
50,25626,14,19824,48,531,1,0.65,Single,Graduate,Urban,1
51,27424,10,41081,48,767,0,0.22,Married,Undergraduate,Urban,1
44,32857,16,16033,12,780,3,0.29,Single,Graduate,Semiurban,0
29,130459,16,47736,12,367,1,0.77,Single,Undergraduate,Semiurban,1
23,135621,10,21241,24,548,0,0.27,Married,Postgraduate,Urban,0
51,39982,13,10939,12,622,4,0.16,Single,Undergraduate,Urban,0
57,96961,6,40063,24,817,2,0.66,Single,Postgraduate,Rural,1
56,21980,12,39464,60,731,3,0.42,Single,Undergraduate,Urban,0
44,68290,9,16185,24,786,3,0.84,Single,Postgraduate,Semiurban,0
51,46431,13,32045,12,728,3,0.62,Married,Graduate,Urban,0
26,104976,4,49769,60,568,2,0.17,Single,Undergraduate,Semiurban,0
22,127288,11,24167,12,836,0,0.86,Married,Graduate,Semiurban,0
40,102711,18,41412,24,447,1,0.31,Single,Postgraduate,Rural,1
48,134187,11,26625,36,417,0,0.37,Married,Undergraduate,Rural,0
31,46385,4,44188,48,666,1,0.42,Married,Undergraduate,Rural,0
24,58158,18,32076,12,365,3,0.14,Married,Graduate,Rural,0
35,43019,1,49605,24,669,0,0.5,Single,Undergraduate,Urban,0
26,38639,7,24029,60,474,3,0.2,Single,Undergraduate,Rural,1
50,105530,6,27973,12,887,4,0.42,Single,Graduate,Urban,0
58,119911,15,44121,12,794,3,0.38,Married,Undergraduate,Rural,0
22,41563,18,36433,48,413,3,0.72,Single,Graduate,Rural,1
35,59341,11,48309,24,410,1,0.74,Single,Graduate,Semiurban,1
31,135672,15,6932,36,738,4,0.22,Single,Graduate,Urban,0
28,25776,16,49254,60,446,3,0.39,Single,Graduate,Semiurban,1
46,56444,7,6757,24,334,3,0.4,Married,Graduate,Rural,0
25,88916,10,35722,60,608,4,0.22,Married,Postgraduate,Urban,0
26,28711,12,42853,12,837,4,0.74,Single,Postgraduate,Rural,1
46,94318,14,43405,48,313,0,0.67,Single,Graduate,Semiurban,1
24,102970,5,6116,48,673,1,0.25,Single,Postgraduate,Urban,0
39,132301,18,48527,36,856,4,0.39,Married,Postgraduate,Semiurban,0
40,105553,5,16691,48,727,4,0.18,Single,Undergraduate,Rural,0
53,50707,3,5492,12,532,2,0.6,Married,Graduate,Rural,0
40,59110,5,32882,36,862,4,0.2,Married,Postgraduate,Rural,0
32,149410,17,13811,24,739,1,0.89,Single,Undergraduate,Urban,0
21,81788,19,32808,48,801,3,0.72,Single,Undergraduate,Semiurban,0
46,102879,19,29272,36,574,3,0.41,Single,Graduate,Semiurban,0
34,58827,12,33399,12,375,3,0.56,Married,Graduate,Rural,0
58,127188,9,11474,60,738,3,0.83,Married,Undergraduate,Semiurban,0
57,25655,1,31956,60,588,2,0.54,Single,Graduate,Urban,0
31,64859,18,47506,12,839,4,0.24,Married,Graduate,Rural,0
56,73625,4,18979,12,552,3,0.4,Single,Undergraduate,Rural,0
33,72098,10,49523,60,425,0,0.77,Single,Undergraduate,Rural,1
23,35251,7,47565,36,476,3,0.62,Married,Graduate,Urban,1
53,142413,1,33328,60,336,4,0.62,Married,Postgraduate,Rural,1
26,20526,17,17867,12,709,3,0.79,Married,Graduate,Rural,1
30,88760,2,30851,48,426,2,0.82,Married,Postgraduate,Rural,1
25,67837,11,36279,24,782,1,0.84,Single,Undergraduate,Rural,0
43,145133,9,35527,48,467,1,0.18,Single,Postgraduate,Semiurban,0
30,149478,7,12866,48,891,4,0.54,Single,Undergraduate,Rural,0
22,31536,17,20449,12,593,1,0.69,Married,Graduate,Urban,1
33,48541,17,15685,60,642,1,0.71,Single,Graduate,Rural,0
22,99083,2,28544,36,609,0,0.59,Married,Undergraduate,Rural,0
40,71027,6,10451,48,827,4,0.23,Married,Undergraduate,Semiurban,0
21,54531,14,26642,60,839,4,0.74,Married,Undergraduate,Rural,0
57,28712,6,46316,36,718,1,0.68,Single,Graduate,Semiurban,1
29,124101,2,44954,48,743,1,0.17,Married,Graduate,Urban,0
37,85455,1,43870,36,857,1,0.47,Married,Postgraduate,Semiurban,0
29,94744,10,36030,60,535,2,0.24,Married,Undergraduate,Rural,0
31,141787,5,35873,24,738,3,0.37,Married,Postgraduate,Urban,0
35,149749,2,5619,60,513,2,0.11,Married,Graduate,Rural,0
44,25109,16,38650,12,384,4,0.42,Married,Postgraduate,Semiurban,1
58,141332,2,30372,36,384,0,0.54,Married,Postgraduate,Urban,0
55,69268,10,8642,24,788,3,0.6,Married,Graduate,Urban,0
50,120737,2,33001,36,364,0,0.63,Married,Graduate,Semiurban,1
51,74615,16,39064,36,363,4,0.77,Married,Undergraduate,Semiurban,1
25,102503,16,34290,48,642,4,0.27,Married,Postgraduate,Urban,0
34,143274,19,19122,12,651,0,0.2,Married,Graduate,Urban,0
31,49759,7,29820,36,457,0,0.78,Single,Graduate,Semiurban,1
29,105708,12,7895,60,888,0,0.23,Single,Postgraduate,Rural,0
54,80112,15,10366,60,790,4,0.88,Married,Graduate,Urban,0
32,122471,8,13711,48,762,1,0.77,Married,Undergraduate,Semiurban,0
55,146740,6,24596,12,524,0,0.5,Married,Undergraduate,Rural,0
55,143153,10,23793,12,612,3,0.89,Single,Postgraduate,Urban,0
21,46589,3,13199,60,765,4,0.18,Single,Undergraduate,Urban,0
42,50015,19,15717,24,387,2,0.34,Single,Graduate,Semiurban,0
49,49009,17,41191,48,602,2,0.61,Married,Graduate,Rural,1
28,103309,7,15211,48,734,3,0.38,Married,Graduate,Urban,0
31,146446,4,28360,60,434,1,0.84,Married,Graduate,Rural,1
57,82046,14,26542,60,349,0,0.15,Married,Postgraduate,Rural,0
34,126661,15,36312,24,731,4,0.54,Single,Undergraduate,Urban,0
50,46143,8,41435,24,639,0,0.57,Married,Undergraduate,Rural,0
55,26154,15,33247,12,646,4,0.62,Single,Graduate,Urban,1
41,41804,14,27357,48,646,2,0.3,Single,Postgraduate,Rural,0
57,61688,9,46045,48,544,0,0.39,Married,Graduate,Urban,0
25,84288,8,32691,60,408,3,0.77,Single,Graduate,Semiurban,1
39,71195,17,17424,12,832,1,0.26,Single,Postgraduate,Urban,0
34,40581,2,23852,48,389,3,0.76,Single,Postgraduate,Urban,1
46,72648,3,27601,12,595,1,0.55,Single,Graduate,Urban,0
24,50087,8,23020,12,411,0,0.71,Married,Undergraduate,Rural,1
45,69930,12,13155,60,888,0,0.67,Married,Graduate,Semiurban,0
45,52981,1,8583,12,476,1,0.27,Single,Undergraduate,Rural,0
38,89298,10,20515,24,642,2,0.56,Married,Undergraduate,Rural,0
28,66167,3,41777,24,400,4,0.79,Single,Postgraduate,Urban,1
59,95304,6,24710,36,700,3,0.45,Married,Postgraduate,Rural,0
34,63408,7,48178,60,327,3,0.87,Married,Graduate,Urban,1
52,59499,18,29532,36,836,3,0.46,Married,Undergraduate,Semiurban,0
58,145816,11,23601,24,357,0,0.21,Married,Undergraduate,Rural,0
53,72269,19,9967,36,797,3,0.41,Married,Graduate,Rural,0
43,58559,5,23753,60,596,4,0.86,Single,Graduate,Rural,0
35,134126,19,25022,60,433,4,0.36,Married,Graduate,Urban,0
53,94319,11,48463,12,630,1,0.79,Single,Postgraduate,Urban,1
45,131925,12,14135,48,548,0,0.81,Single,Graduate,Rural,0
37,115317,10,10722,12,849,4,0.38,Married,Graduate,Rural,0
53,116347,8,32413,60,374,2,0.17,Single,Undergraduate,Semiurban,0
22,68787,9,32236,24,467,0,0.68,Married,Graduate,Semiurban,1
34,55488,4,20514,24,802,0,0.35,Single,Undergraduate,Semiurban,0
59,94441,5,48896,12,654,4,0.73,Single,Undergraduate,Semiurban,1
26,94663,8,42212,60,524,2,0.45,Married,Postgraduate,Semiurban,0
26,42431,9,45386,24,830,1,0.49,Married,Graduate,Urban,0
23,81681,15,25331,60,445,4,0.72,Married,Graduate,Semiurban,1
27,83483,15,23060,24,540,2,0.41,Married,Undergraduate,Semiurban,0
28,142720,16,6196,60,643,0,0.45,Single,Postgraduate,Rural,0
35,69153,14,17297,36,334,2,0.4,Married,Postgraduate,Urban,0
49,26368,8,7787,60,300,0,0.39,Single,Graduate,Semiurban,1
53,47424,18,28816,60,452,4,0.52,Single,Undergraduate,Semiurban,0
50,132360,10,45695,12,728,4,0.75,Single,Graduate,Semiurban,1
59,65004,6,24702,36,807,3,0.39,Single,Graduate,Rural,0
47,103869,12,30242,48,425,3,0.52,Single,Graduate,Rural,0
56,108652,2,7176,12,790,3,0.64,Single,Graduate,Rural,0
49,132755,7,25127,48,781,4,0.32,Married,Undergraduate,Semiurban,0
58,76985,16,46560,24,644,1,0.32,Single,Postgraduate,Rural,0
53,70069,3,32228,48,520,4,0.85,Single,Graduate,Semiurban,0
57,72326,13,25208,60,324,2,0.68,Single,Graduate,Urban,1
47,128737,3,33482,48,827,4,0.56,Married,Graduate,Semiurban,0
53,101061,18,14171,12,481,4,0.62,Married,Graduate,Rural,1
24,43398,11,40219,12,798,0,0.12,Single,Postgraduate,Urban,0
42,118393,8,38396,48,341,0,0.59,Married,Postgraduate,Semiurban,0
22,70861,6,47589,12,780,0,0.51,Single,Postgraduate,Urban,0
30,95897,1,45546,12,738,4,0.54,Married,Postgraduate,Urban,0
25,101905,1,8696,48,701,1,0.39,Single,Graduate,Urban,0
30,147118,8,25058,36,845,2,0.17,Married,Undergraduate,Semiurban,0
53,88577,5,25313,36,644,2,0.25,Married,Postgraduate,Rural,0
58,85641,16,24149,24,344,1,0.86,Married,Postgraduate,Semiurban,1
33,29078,11,46075,12,320,1,0.43,Single,Graduate,Rural,1
51,45003,5,9956,48,369,2,0.47,Single,Graduate,Semiurban,0
56,82768,4,15195,12,347,3,0.14,Single,Graduate,Semiurban,0
44,71047,6,22076,60,790,0,0.13,Married,Graduate,Semiurban,0
35,91626,14,6105,12,850,0,0.67,Married,Undergraduate,Rural,0
49,77660,19,20417,12,586,2,0.53,Single,Undergraduate,Semiurban,0
28,124386,9,29729,36,309,1,0.51,Married,Postgraduate,Urban,0
25,69786,12,35099,48,841,3,0.29,Single,Undergraduate,Semiurban,0
49,21925,11,37598,12,573,2,0.7,Single,Postgraduate,Urban,1
24,103976,14,34961,36,899,0,0.23,Single,Postgraduate,Rural,0
32,125221,16,17602,24,680,4,0.25,Single,Undergraduate,Rural,0
22,137832,1,14256,36,628,1,0.47,Married,Postgraduate,Semiurban,0
47,145150,13,25584,36,778,4,0.33,Married,Graduate,Semiurban,0
51,46015,13,39681,36,314,2,0.3,Married,Postgraduate,Semiurban,0
56,53320,2,30792,12,815,0,0.62,Single,Graduate,Urban,0
56,84881,4,26904,12,490,3,0.62,Married,Undergraduate,Rural,1
46,110827,6,48361,24,467,4,0.76,Single,Undergraduate,Urban,1
47,140071,5,39540,60,820,3,0.43,Single,Postgraduate,Urban,0
25,122215,3,31536,60,436,0,0.16,Single,Graduate,Semiurban,0
40,46289,1,24164,60,453,4,0.32,Single,Postgraduate,Semiurban,0
31,148859,4,17996,24,687,3,0.88,Single,Undergraduate,Urban,0
30,23389,2,7871,60,508,3,0.58,Single,Postgraduate,Urban,0
58,45683,5,27626,60,571,4,0.67,Married,Postgraduate,Semiurban,0
26,33629,3,15521,36,442,0,0.11,Married,Graduate,Semiurban,1
28,81550,9,48410,12,368,3,0.51,Married,Undergraduate,Urban,1
43,44826,6,6132,12,546,2,0.13,Married,Postgraduate,Semiurban,0
46,120734,18,38467,36,560,4,0.56,Single,Graduate,Semiurban,0
32,46630,6,19534,36,378,1,0.84,Single,Postgraduate,Urban,1
46,118762,19,28854,36,824,1,0.87,Married,Graduate,Urban,0
33,66163,12,47998,12,629,0,0.53,Married,Graduate,Rural,0
38,118511,11,44065,60,488,2,0.47,Married,Postgraduate,Urban,1
45,86435,2,12812,36,394,3,0.86,Married,Undergraduate,Semiurban,1
53,31653,15,9557,24,307,1,0.64,Married,Undergraduate,Urban,1
32,47961,12,7179,36,366,0,0.15,Married,Graduate,Urban,0
56,101941,12,48798,48,795,2,0.47,Married,Undergraduate,Urban,0
24,94137,9,14065,36,490,2,0.29,Married,Graduate,Rural,0
25,53662,2,13275,12,665,0,0.48,Single,Undergraduate,Rural,0
57,118818,3,40948,36,820,0,0.46,Single,Postgraduate,Semiurban,0
28,76446,12,25700,48,416,3,0.57,Single,Undergraduate,Rural,0
48,41288,16,44464,24,566,0,0.39,Single,Graduate,Urban,0
51,142555,1,47351,60,784,3,0.23,Married,Graduate,Rural,0
29,115081,3,32794,36,808,3,0.5,Single,Undergraduate,Urban,0
49,56877,2,33783,48,597,4,0.76,Married,Postgraduate,Rural,0
34,131562,9,21998,48,463,2,0.63,Single,Graduate,Rural,1
42,35313,19,18869,24,675,2,0.37,Married,Graduate,Rural,0
31,100885,15,49525,12,567,2,0.85,Married,Graduate,Urban,1
43,92715,18,33152,36,848,4,0.83,Single,Graduate,Rural,0
21,30326,11,25954,48,373,3,0.27,Single,Graduate,Urban,1
57,130091,16,36555,24,807,3,0.13,Married,Postgraduate,Urban,0
41,145836,17,21654,60,372,0,0.69,Married,Undergraduate,Semiurban,1
46,21560,5,40236,48,607,4,0.76,Married,Postgraduate,Rural,1
56,99148,12,20042,24,498,0,0.87,Single,Postgraduate,Semiurban,1
43,103186,11,30966,12,429,4,0.81,Single,Graduate,Semiurban,1
21,46745,15,49314,12,871,0,0.58,Married,Postgraduate,Urban,0
35,51890,3,19270,48,786,1,0.52,Single,Graduate,Rural,0
41,40022,1,35908,48,450,2,0.12,Married,Postgraduate,Urban,0
29,143629,16,20523,36,505,2,0.3,Single,Graduate,Urban,0
29,72579,2,24991,24,478,3,0.47,Single,Graduate,Rural,0
30,90316,2,15775,48,496,1,0.6,Single,Postgraduate,Urban,0
46,103847,3,17265,36,388,2,0.55,Single,Postgraduate,Rural,0
55,48380,8,24459,36,733,3,0.69,Single,Undergraduate,Rural,0
45,130198,15,21673,48,482,1,0.32,Married,Undergraduate,Urban,0
46,22356,7,32056,12,508,2,0.55,Married,Undergraduate,Urban,0
31,90326,6,11614,24,792,0,0.17,Single,Postgraduate,Semiurban,0
58,112447,9,41020,24,429,4,0.43,Married,Postgraduate,Urban,1
22,134994,1,12415,12,312,1,0.7,Married,Graduate,Rural,1
27,109899,8,28155,48,405,3,0.65,Single,Undergraduate,Semiurban,1
38,40049,3,48884,24,674,1,0.89,Married,Graduate,Rural,1
47,95717,4,21964,48,881,3,0.32,Single,Graduate,Semiurban,0
